,gender,race_ethnicity,parental_level_of_education,lunch,test_preparation_course,math_score,reading_score,writing_score
382,male,group C,master's degree,free/reduced,none,79,81,71
994,male,group A,high school,standard,none,63,63,62
982,male,group B,some high school,standard,completed,79,85,86
47,female,group C,high school,standard,none,66,71,76
521,female,group C,associate's degree,standard,none,91,86,84
636,female,group B,high school,free/reduced,completed,67,80,81
19,female,group C,associate's degree,free/reduced,none,54,58,61
366,male,group C,high school,standard,completed,69,58,53
340,male,group C,high school,free/reduced,none,58,61,52
952,female,group E,some high school,free/reduced,none,74,74,72
675,female,group B,some college,standard,completed,50,64,66
306,male,group E,some college,standard,completed,99,87,81
835,female,group C,high school,standard,completed,60,64,74
429,male,group C,some high school,free/reduced,none,68,63,54
823,female,group B,high school,free/reduced,none,71,87,82
304,female,group C,associate's degree,standard,completed,74,75,83
355,female,group B,bachelor's degree,standard,none,61,72,70
177,female,group C,associate's degree,standard,completed,71,77,77
945,female,group C,associate's degree,standard,none,54,61,58
60,male,group E,bachelor's degree,free/reduced,completed,79,74,72
309,female,group D,high school,free/reduced,none,49,57,52
892,female,group A,master's degree,free/reduced,none,50,67,73
301,male,group D,some high school,free/reduced,none,56,54,52
920,male,group D,high school,free/reduced,none,69,70,67
594,female,group C,bachelor's degree,standard,completed,92,100,99
761,female,group D,some high school,standard,none,48,58,54
107,male,group E,associate's degree,standard,completed,66,63,64
747,male,group C,some college,standard,none,69,64,68
988,female,group A,some high school,free/reduced,none,44,45,45
806,female,group D,some college,free/reduced,none,64,74,75
99,female,group D,bachelor's degree,standard,none,65,67,62
250,male,group A,some high school,standard,completed,47,49,49
833,female,group B,high school,standard,completed,77,82,89
474,female,group B,associate's degree,standard,completed,90,90,91
703,female,group D,some college,standard,none,63,64,67
941,female,group D,master's degree,standard,none,78,91,96
383,female,group E,some high school,free/reduced,none,38,49,45
680,female,group D,high school,standard,none,67,72,74
181,female,group C,some college,free/reduced,none,46,64,66
12,female,group B,high school,standard,none,65,81,73
613,female,group C,associate's degree,standard,none,65,77,74
85,female,group C,some college,standard,none,73,80,82
320,female,group C,high school,free/reduced,completed,67,79,84
649,female,group D,some college,standard,completed,69,79,81
710,male,group C,some college,standard,completed,93,84,90
385,female,group E,some college,standard,none,67,76,75
890,female,group E,some college,standard,completed,86,85,91
439,male,group D,some high school,standard,completed,89,88,82
135,male,group C,bachelor's degree,standard,none,58,55,48
567,female,group D,master's degree,free/reduced,completed,61,71,78
298,male,group C,high school,free/reduced,completed,40,46,50
160,male,group B,associate's degree,free/reduced,completed,82,78,74
268,female,group D,associate's degree,standard,completed,88,92,95
658,female,group D,associate's degree,free/reduced,none,43,60,58
996,male,group C,high school,free/reduced,none,62,55,55
641,female,group D,associate's degree,free/reduced,completed,74,88,90
906,male,group B,high school,standard,none,57,48,51
805,male,group A,some college,free/reduced,none,75,81,74
893,male,group D,some high school,standard,completed,88,74,75
389,male,group D,master's degree,standard,none,73,70,75
121,male,group B,associate's degree,standard,completed,91,89,92
837,female,group A,high school,standard,completed,75,82,79
187,male,group D,some high school,standard,completed,62,66,68
16,male,group C,high school,standard,none,88,89,86
773,female,group C,bachelor's degree,free/reduced,none,62,78,79
493,female,group C,bachelor's degree,standard,none,81,88,90
341,female,group C,high school,standard,none,61,73,63
426,male,group C,bachelor's degree,standard,none,86,83,86
467,male,group A,high school,free/reduced,completed,72,67,65
106,female,group D,master's degree,standard,none,87,100,100
408,female,group D,high school,free/reduced,completed,52,57,56
23,female,group C,some high school,standard,none,69,73,73
831,female,group C,bachelor's degree,free/reduced,completed,74,86,89
69,female,group C,associate's degree,standard,none,39,64,57
900,male,group D,master's degree,standard,none,85,84,89
676,female,group E,some college,standard,completed,73,78,76
801,male,group C,some high school,standard,completed,76,80,73
599,female,group D,some high school,standard,none,65,82,81
643,female,group E,high school,standard,completed,74,79,80
339,female,group D,some high school,free/reduced,completed,35,55,60
701,female,group B,some high school,standard,none,57,67,72
873,male,group E,associate's degree,free/reduced,none,90,90,82
74,male,group C,some high school,standard,none,49,49,41
218,male,group B,high school,free/reduced,none,66,77,70
525,male,group E,some college,standard,none,68,60,59
265,male,group D,some high school,free/reduced,none,59,42,41
891,female,group E,associate's degree,standard,none,85,92,85
110,female,group D,associate's degree,free/reduced,completed,77,89,98
435,male,group C,some college,free/reduced,completed,50,48,53
980,female,group B,high school,free/reduced,none,8,24,23
632,female,group B,bachelor's degree,standard,completed,66,74,81
185,male,group C,associate's degree,free/reduced,completed,65,67,65
286,male,group E,associate's degree,standard,completed,97,82,88
582,female,group D,bachelor's degree,free/reduced,none,63,73,78
899,female,group D,some high school,standard,completed,65,78,82
459,male,group B,high school,standard,completed,72,65,68
415,male,group E,high school,standard,none,84,73,69
61,male,group A,some high school,free/reduced,none,39,39,34
347,female,group C,bachelor's degree,standard,completed,77,94,95
349,male,group E,associate's degree,standard,none,87,74,76
731,male,group A,some high school,free/reduced,none,55,46,43
716,male,group C,associate's degree,standard,completed,73,78,72
640,male,group D,high school,standard,none,41,52,51
804,female,group C,some college,standard,none,73,76,78
737,female,group B,some college,free/reduced,completed,53,66,73
329,female,group B,some high school,standard,none,41,55,51
927,female,group D,high school,free/reduced,completed,65,61,71
134,male,group D,bachelor's degree,free/reduced,completed,74,79,75
787,female,group B,some college,standard,none,19,38,32
764,male,group D,some college,standard,none,60,63,59
784,male,group C,bachelor's degree,standard,completed,91,81,79
57,male,group D,associate's degree,standard,none,52,55,49
825,male,group C,high school,standard,none,62,67,58
928,male,group E,associate's degree,free/reduced,completed,46,43,44
859,male,group C,associate's degree,free/reduced,none,87,73,72
786,female,group E,some high school,free/reduced,none,72,79,77
291,male,group D,some high school,standard,none,86,73,70
46,female,group A,associate's degree,standard,completed,55,65,62
277,female,group E,high school,standard,completed,59,63,75
841,male,group C,some high school,standard,none,64,58,51
926,male,group E,associate's degree,free/reduced,none,64,56,52
224,female,group B,associate's degree,standard,completed,52,66,73
530,female,group C,associate's degree,standard,completed,68,67,73
280,male,group D,high school,standard,none,53,52,42
0,female,group B,bachelor's degree,standard,none,72,72,74
817,male,group D,bachelor's degree,free/reduced,completed,61,70,76
495,male,group D,high school,standard,completed,68,64,66
66,male,group D,some high school,free/reduced,none,45,37,37
403,female,group D,high school,standard,completed,88,99,100
563,female,group D,some college,free/reduced,completed,63,80,80
481,female,group D,associate's degree,free/reduced,none,52,59,56
571,male,group A,bachelor's degree,standard,none,91,96,92
882,female,group B,high school,free/reduced,none,64,73,71
294,male,group D,high school,free/reduced,completed,78,77,80
619,male,group C,associate's degree,free/reduced,completed,65,73,68
743,female,group C,associate's degree,standard,completed,59,73,72
245,male,group C,associate's degree,standard,none,85,76,71
257,male,group C,associate's degree,standard,completed,78,77,77
161,female,group E,some college,free/reduced,completed,75,88,85
726,female,group E,associate's degree,standard,completed,65,75,77
605,male,group C,some high school,standard,none,75,72,62
953,male,group C,high school,standard,completed,58,52,54
436,male,group D,associate's degree,standard,none,75,68,64
855,female,group B,bachelor's degree,standard,none,97,97,96
768,female,group D,some high school,standard,none,68,71,75
247,female,group B,high school,standard,completed,58,70,68
541,male,group D,associate's degree,free/reduced,completed,79,82,80
239,male,group C,associate's degree,standard,none,84,80,80
220,female,group D,high school,standard,completed,56,68,74
957,female,group D,master's degree,standard,none,92,100,100
92,male,group C,high school,standard,none,71,79,71
114,female,group E,bachelor's degree,standard,completed,99,100,100
798,male,group E,some college,standard,none,69,60,54
979,female,group C,associate's degree,standard,none,91,95,94
76,male,group E,some high school,standard,none,30,26,22
981,male,group D,some high school,standard,none,81,78,78
386,female,group E,bachelor's degree,standard,none,64,73,70
132,male,group E,some college,free/reduced,completed,87,74,70
863,female,group C,some college,standard,completed,71,71,80
990,male,group E,high school,free/reduced,completed,86,81,75
58,male,group D,some college,standard,completed,58,59,58
289,male,group E,some high school,standard,completed,77,76,77
246,male,group E,associate's degree,standard,none,89,76,74
364,male,group C,some college,standard,none,59,60,58
871,female,group C,some college,standard,completed,70,72,76
40,male,group C,associate's degree,free/reduced,none,55,61,54
89,female,group D,some high school,standard,none,73,86,82
192,female,group B,some high school,standard,none,62,64,66
422,female,group D,master's degree,free/reduced,completed,47,58,67
68,male,group B,associate's degree,free/reduced,none,61,58,56
661,male,group C,some high school,standard,none,73,66,63
372,male,group D,some high school,standard,none,74,74,72
139,male,group D,some college,standard,completed,71,61,69
388,female,group D,high school,standard,none,62,64,64
832,male,group A,bachelor's degree,standard,none,64,60,58
118,female,group D,some high school,standard,none,51,63,61
579,female,group D,master's degree,standard,none,53,61,68
922,male,group D,high school,standard,none,72,66,66
791,female,group D,some college,free/reduced,none,60,66,70
350,female,group B,bachelor's degree,standard,none,52,65,69
811,male,group A,high school,free/reduced,none,45,47,49
434,male,group C,some high school,standard,none,73,66,66
669,male,group D,associate's degree,standard,completed,81,72,77
931,male,group D,some college,free/reduced,none,62,57,62
948,male,group B,some high school,free/reduced,completed,49,50,52
14,female,group A,master's degree,standard,none,50,53,58
375,male,group E,associate's degree,free/reduced,none,46,43,41
82,male,group A,some college,free/reduced,completed,50,47,54
491,female,group C,associate's degree,standard,none,64,64,70
697,female,group A,bachelor's degree,standard,none,59,72,70
879,female,group D,associate's degree,standard,none,64,76,74
936,male,group A,associate's degree,standard,none,67,57,53
88,female,group A,some college,standard,none,58,70,67
363,female,group D,some high school,free/reduced,none,27,34,32
273,female,group D,some college,standard,none,65,70,71
172,female,group D,some college,standard,none,79,86,81
554,male,group E,associate's degree,standard,none,53,45,40
103,male,group B,high school,standard,completed,60,44,47
754,male,group C,associate's degree,free/reduced,none,58,55,53
673,female,group C,associate's degree,standard,completed,65,84,84
371,female,group C,some college,free/reduced,completed,45,73,70
45,male,group B,associate's degree,standard,none,65,54,57
560,female,group D,some college,standard,completed,74,75,79
748,female,group C,bachelor's degree,free/reduced,none,50,60,59
419,male,group E,high school,free/reduced,completed,57,56,54
604,male,group D,master's degree,free/reduced,completed,84,89,90
725,male,group E,some college,standard,completed,81,74,71
11,male,group D,associate's degree,standard,none,40,52,43
214,male,group E,high school,standard,completed,87,91,81
344,male,group D,some college,standard,none,79,73,67
700,female,group E,bachelor's degree,standard,completed,79,81,82
720,female,group C,some college,free/reduced,none,62,72,70
147,male,group C,associate's degree,free/reduced,none,73,68,66
299,male,group D,associate's degree,free/reduced,none,90,87,75
283,female,group D,some college,free/reduced,completed,70,78,78
745,male,group D,associate's degree,standard,none,72,79,74
412,male,group D,associate's degree,standard,none,71,66,60
629,female,group C,some high school,standard,completed,44,51,55
795,female,group E,associate's degree,free/reduced,completed,57,68,73
741,female,group A,associate's degree,free/reduced,none,37,57,56
886,female,group E,associate's degree,standard,completed,93,100,95
735,male,group C,master's degree,standard,none,67,57,59
173,female,group C,associate's degree,standard,none,63,67,70
432,male,group C,high school,standard,none,61,56,55
985,male,group A,high school,standard,none,57,51,54
226,female,group C,some college,standard,none,72,72,71
305,male,group A,some college,standard,none,69,67,69
31,female,group B,some college,standard,none,63,65,61
719,male,group E,associate's degree,free/reduced,completed,91,73,80
483,male,group A,high school,standard,none,59,52,46
766,female,group C,high school,standard,completed,58,75,77
285,male,group B,associate's degree,standard,completed,81,82,82
918,female,group C,associate's degree,standard,completed,57,77,80
482,male,group C,some college,free/reduced,none,68,68,61
913,female,group C,bachelor's degree,free/reduced,completed,47,62,66
977,male,group C,associate's degree,standard,none,62,65,58
116,female,group B,bachelor's degree,free/reduced,none,75,85,82
618,male,group D,master's degree,standard,none,95,81,84
652,female,group D,some college,standard,completed,85,86,98
704,female,group B,some high school,free/reduced,completed,59,63,64
95,male,group C,associate's degree,free/reduced,completed,78,81,82
261,male,group C,some college,standard,completed,79,79,78
635,male,group A,high school,standard,none,71,74,64
592,male,group E,bachelor's degree,standard,none,68,68,64
574,female,group E,high school,standard,none,74,81,71
954,female,group C,some college,standard,none,62,69,69
102,female,group D,associate's degree,standard,none,85,91,89
62,male,group A,associate's degree,free/reduced,none,62,61,55
204,male,group C,some college,standard,none,59,41,42
663,female,group C,high school,standard,none,65,69,67
686,male,group E,some college,standard,completed,85,75,68
184,male,group C,some high school,free/reduced,completed,45,52,49
678,male,group D,associate's degree,free/reduced,none,81,75,78
733,male,group D,some high school,standard,none,55,47,44
91,male,group C,high school,free/reduced,none,27,34,36
942,male,group C,high school,standard,none,81,66,64
708,male,group D,high school,standard,none,89,87,79
736,male,group C,associate's degree,standard,none,92,79,84
836,male,group E,high school,standard,none,73,64,57
730,female,group B,associate's degree,free/reduced,completed,68,77,80
411,male,group E,some college,standard,completed,84,83,78
346,male,group B,some college,standard,none,62,61,57
480,male,group B,high school,standard,completed,73,71,68
814,female,group C,high school,standard,none,72,80,83
29,female,group D,master's degree,standard,none,62,70,75
54,female,group C,some high school,free/reduced,completed,71,84,87
487,female,group C,associate's degree,free/reduced,none,60,75,74
39,male,group B,associate's degree,free/reduced,none,57,56,57
157,male,group B,some college,free/reduced,none,60,60,60
894,female,group E,associate's degree,standard,none,59,62,69
146,male,group B,some high school,standard,none,88,84,75
221,male,group B,associate's degree,standard,none,87,85,73
684,male,group B,some college,standard,completed,62,66,68
772,female,group B,some high school,free/reduced,completed,52,67,72
602,female,group E,some college,standard,none,76,78,80
800,male,group C,some high school,standard,completed,67,73,68
394,female,group C,some high school,standard,completed,65,74,77
52,male,group C,some college,standard,none,53,44,42
622,male,group C,high school,free/reduced,completed,58,51,52
674,female,group D,high school,standard,completed,69,77,78
359,female,group D,some college,standard,none,80,90,89
504,female,group D,master's degree,free/reduced,none,40,59,54
402,female,group A,some college,free/reduced,none,49,65,55
770,male,group B,high school,standard,none,52,48,49
421,female,group D,high school,standard,completed,57,58,64
448,male,group B,high school,standard,none,47,46,42
165,female,group C,bachelor's degree,standard,completed,96,100,100
284,female,group B,some high school,standard,none,37,46,46
80,female,group B,associate's degree,standard,none,47,49,50
227,male,group D,high school,standard,none,57,50,54
447,male,group C,high school,standard,completed,86,81,80
353,female,group C,associate's degree,standard,none,46,58,57
310,female,group B,associate's degree,standard,none,73,76,80
727,male,group E,some high school,standard,completed,68,51,57
259,female,group C,master's degree,free/reduced,completed,65,81,81
323,female,group C,some high school,free/reduced,none,43,53,53
9,female,group B,high school,free/reduced,none,38,60,50
679,male,group D,some college,free/reduced,none,63,61,60
529,female,group C,associate's degree,standard,none,62,74,70
30,female,group D,some college,standard,none,69,74,74
789,female,group C,master's degree,free/reduced,none,52,65,61
179,female,group D,some high school,standard,completed,97,100,100
27,female,group C,bachelor's degree,standard,none,67,69,75
33,male,group D,some college,standard,none,40,42,38
334,female,group C,bachelor's degree,standard,none,83,93,95
361,male,group B,some high school,standard,completed,85,84,78
293,female,group E,bachelor's degree,standard,none,65,73,75
782,female,group B,high school,free/reduced,completed,76,85,82
959,male,group C,high school,standard,none,75,81,71
5,female,group B,associate's degree,standard,none,71,83,78
197,male,group E,high school,free/reduced,none,55,56,51
790,female,group B,high school,standard,none,48,62,60
392,male,group E,some college,standard,none,76,67,67
543,female,group D,associate's degree,standard,none,82,95,89
788,male,group C,associate's degree,free/reduced,none,68,65,61
631,male,group B,high school,standard,none,79,60,65
865,male,group D,some college,standard,completed,82,82,88
510,male,group D,some college,standard,none,76,71,73
122,female,group C,some college,standard,completed,88,93,93
378,female,group A,some high school,standard,none,71,83,77
38,female,group D,associate's degree,free/reduced,completed,75,90,88
546,female,group A,some high school,standard,completed,92,100,97
523,male,group C,master's degree,free/reduced,none,54,59,50
162,male,group B,master's degree,free/reduced,none,49,53,52
67,female,group C,some college,standard,none,60,72,74
124,male,group E,some college,standard,none,83,80,73
4,male,group C,some college,standard,none,76,78,75
834,male,group B,some college,standard,none,58,50,45
759,male,group B,some college,standard,completed,69,77,77
427,male,group C,some high school,free/reduced,none,69,71,65
966,male,group A,some high school,standard,completed,66,68,64
553,male,group D,some college,free/reduced,none,77,62,64
506,male,group A,high school,standard,none,68,70,66
975,female,group C,some college,standard,completed,64,82,77
399,male,group D,some high school,standard,none,60,59,54
802,female,group E,associate's degree,standard,none,87,94,95
352,female,group C,some college,standard,completed,63,78,80
839,female,group C,associate's degree,standard,none,66,77,73
848,female,group C,high school,standard,none,59,72,68
260,female,group C,some high school,free/reduced,completed,64,79,77
333,male,group B,associate's degree,standard,none,90,78,81
153,male,group D,bachelor's degree,standard,none,54,49,47
396,female,group B,high school,free/reduced,none,50,67,63
501,female,group B,associate's degree,standard,completed,94,87,92
373,female,group D,some college,standard,completed,82,97,96
312,male,group D,bachelor's degree,standard,completed,67,61,68
42,female,group B,associate's degree,standard,none,53,58,65
758,female,group D,some college,free/reduced,completed,52,59,65
522,male,group D,bachelor's degree,standard,none,69,58,57
650,male,group C,some high school,free/reduced,completed,51,56,53
846,male,group C,master's degree,standard,completed,91,85,85
623,male,group A,some college,standard,completed,100,96,86
682,male,group B,high school,standard,none,62,55,54
634,male,group D,some high school,standard,none,84,84,80
750,male,group D,some high school,standard,completed,71,69,68
755,female,group E,associate's degree,standard,none,84,95,92
780,female,group D,associate's degree,free/reduced,none,46,56,57
590,male,group C,some college,free/reduced,none,58,57,54
445,female,group C,some high school,standard,completed,67,74,77
272,female,group D,associate's degree,free/reduced,none,47,53,58
877,male,group C,some high school,standard,none,57,61,54
519,female,group B,high school,free/reduced,completed,67,78,79
377,female,group D,master's degree,free/reduced,completed,85,95,100
498,female,group B,some high school,standard,none,66,69,68
878,female,group D,some high school,standard,none,59,72,80
930,male,group C,some college,free/reduced,completed,67,74,70
947,female,group D,some college,free/reduced,none,49,58,60
97,female,group E,some college,standard,completed,63,72,70
128,male,group D,master's degree,standard,none,82,82,74
544,female,group D,master's degree,standard,none,64,63,66
379,male,group A,bachelor's degree,standard,none,66,64,62
203,female,group B,associate's degree,standard,none,57,69,68
343,male,group D,associate's degree,standard,completed,67,72,67
888,female,group D,some college,free/reduced,none,69,65,74
808,male,group C,high school,standard,none,90,75,69
518,female,group D,some high school,standard,completed,66,78,78
779,male,group E,associate's degree,standard,completed,94,85,82
488,male,group B,some high school,standard,completed,64,53,57
237,female,group D,some high school,standard,completed,64,60,74
549,male,group C,master's degree,standard,none,79,72,69
400,female,group C,some high school,standard,completed,59,54,67
570,male,group B,some college,standard,completed,71,75,70
232,female,group B,bachelor's degree,standard,none,67,86,83
442,female,group A,some high school,free/reduced,none,59,73,69
98,female,group D,some college,free/reduced,none,58,67,62
875,male,group C,some college,free/reduced,none,80,64,66
978,male,group D,high school,standard,completed,55,41,48
511,male,group A,some high school,standard,none,64,50,43
612,male,group C,bachelor's degree,standard,completed,94,90,91
217,female,group C,high school,free/reduced,none,34,42,39
360,female,group B,high school,standard,none,58,62,59
558,female,group B,associate's degree,free/reduced,none,53,70,70
919,male,group B,some college,standard,completed,91,96,91
958,female,group D,high school,standard,none,45,63,59
225,female,group E,master's degree,free/reduced,none,45,56,54
18,male,group C,master's degree,free/reduced,completed,46,42,46
168,female,group B,high school,standard,completed,68,83,78
292,male,group C,some high school,standard,completed,63,60,57
607,female,group C,master's degree,free/reduced,none,40,58,54
397,female,group C,associate's degree,standard,none,85,89,95
540,male,group C,high school,standard,completed,75,69,68
328,male,group C,associate's degree,standard,completed,82,75,77
862,male,group D,bachelor's degree,free/reduced,completed,39,42,38
667,female,group B,bachelor's degree,free/reduced,none,77,85,87
93,male,group C,associate's degree,free/reduced,completed,43,45,50
213,male,group C,associate's degree,free/reduced,completed,60,51,56
337,male,group C,associate's degree,standard,none,49,51,43
425,female,group C,some college,free/reduced,none,62,67,62
803,female,group B,some college,standard,none,82,85,87
115,male,group C,high school,standard,none,84,77,74
158,female,group B,associate's degree,standard,completed,61,86,87
989,female,group D,some college,free/reduced,completed,67,86,83
112,male,group A,associate's degree,standard,none,54,53,47
36,female,group D,associate's degree,standard,none,74,81,83
105,female,group C,some college,standard,none,58,67,72
362,female,group C,some college,standard,none,52,58,58
365,male,group A,bachelor's degree,free/reduced,completed,49,58,60
441,female,group D,high school,standard,none,78,81,80
565,male,group B,associate's degree,standard,none,48,43,45
351,male,group E,some college,standard,none,66,57,52
973,female,group D,some college,free/reduced,none,49,65,61
249,male,group C,high school,standard,none,68,60,53
852,female,group E,some college,standard,none,87,85,93
796,male,group D,high school,standard,none,70,70,70
406,male,group B,associate's degree,standard,completed,65,65,63
853,male,group E,some high school,standard,none,82,67,61
164,female,group E,master's degree,standard,none,81,92,91
876,male,group D,some college,standard,none,81,82,84
861,female,group E,master's degree,free/reduced,none,81,86,87
828,female,group D,some high school,free/reduced,completed,69,86,81
83,male,group E,associate's degree,standard,none,72,64,63
698,female,group D,associate's degree,standard,completed,57,78,79
295,male,group B,associate's degree,free/reduced,none,67,62,60
70,female,group D,some college,free/reduced,completed,58,63,73
610,male,group D,some college,free/reduced,completed,69,60,63
664,male,group D,associate's degree,standard,none,80,63,63
923,female,group B,associate's degree,free/reduced,none,54,65,65
963,female,group C,some high school,free/reduced,completed,65,76,75
902,female,group A,high school,free/reduced,completed,34,48,41
724,male,group B,some college,standard,none,47,43,41
127,male,group D,some college,standard,completed,65,77,74
840,female,group D,high school,free/reduced,none,39,52,46
1,female,group C,some college,standard,completed,69,90,88
897,female,group B,some high school,free/reduced,completed,63,78,79
539,male,group A,associate's degree,standard,completed,97,92,86
601,female,group C,high school,standard,none,29,29,30
308,female,group B,associate's degree,free/reduced,none,53,71,67
585,female,group C,associate's degree,standard,none,65,76,76
410,female,group D,master's degree,standard,completed,70,71,74
171,male,group E,some high school,standard,none,94,88,78
417,male,group C,associate's degree,standard,none,74,73,67
763,female,group B,high school,standard,none,62,62,63
935,male,group D,some college,free/reduced,none,70,63,58
603,male,group D,high school,free/reduced,none,60,57,51
460,male,group C,bachelor's degree,free/reduced,none,53,58,55
866,male,group C,high school,free/reduced,none,59,53,52
637,female,group D,some high school,standard,completed,80,92,88
423,female,group A,some high school,standard,completed,59,85,80
315,male,group C,high school,standard,none,71,66,65
376,female,group D,some high school,standard,none,80,90,82
524,male,group C,high school,standard,completed,53,52,49
867,male,group B,associate's degree,standard,none,61,42,41
438,male,group C,high school,standard,none,70,56,51
739,male,group C,high school,free/reduced,none,61,60,55
150,male,group A,some high school,standard,completed,62,67,69
999,female,group D,some college,free/reduced,none,77,86,86
556,female,group C,associate's degree,standard,completed,55,72,79
819,female,group C,some high school,standard,none,77,91,88
807,female,group E,high school,free/reduced,none,41,45,40
409,male,group D,associate's degree,standard,completed,87,84,85
143,male,group A,high school,standard,none,57,43,47
526,male,group C,some high school,free/reduced,completed,56,61,60
858,male,group B,high school,standard,completed,52,49,46
986,female,group C,associate's degree,standard,none,40,59,51
827,female,group C,some high school,standard,none,65,69,76
208,female,group B,some college,free/reduced,none,74,81,76
440,female,group C,some college,standard,completed,67,81,79
131,male,group C,some high school,free/reduced,completed,53,37,40
380,female,group B,associate's degree,standard,none,80,86,83
174,female,group C,bachelor's degree,free/reduced,completed,43,51,54
533,female,group E,associate's degree,standard,completed,79,88,94
270,male,group C,bachelor's degree,standard,none,69,63,61
407,female,group B,associate's degree,standard,none,82,80,77
869,male,group C,associate's degree,free/reduced,none,49,51,51
123,male,group D,high school,free/reduced,none,63,57,56
138,female,group C,associate's degree,standard,none,59,66,67
51,male,group E,associate's degree,free/reduced,completed,77,69,68
624,female,group E,bachelor's degree,free/reduced,none,61,58,62
275,male,group C,bachelor's degree,standard,none,83,78,73
965,female,group D,some college,standard,none,62,70,72
342,female,group B,high school,standard,completed,69,76,74
256,female,group C,associate's degree,free/reduced,none,64,73,68
182,female,group E,high school,standard,none,50,50,47
617,male,group D,bachelor's degree,standard,none,88,78,83
300,male,group A,some college,free/reduced,completed,81,78,81
690,female,group C,associate's degree,standard,none,49,53,53
765,female,group B,high school,standard,none,74,72,72
240,male,group D,high school,free/reduced,completed,73,68,66
230,male,group D,some college,standard,none,76,64,66
915,female,group E,some college,standard,none,68,70,66
326,male,group C,some college,standard,none,61,61,62
458,female,group E,bachelor's degree,standard,none,100,100,100
681,male,group B,high school,standard,none,60,68,60
662,female,group D,some college,free/reduced,none,55,71,69
762,male,group D,some high school,standard,completed,78,81,86
465,female,group C,some college,standard,none,84,87,91
163,male,group C,high school,standard,none,52,53,49
167,female,group B,master's degree,free/reduced,completed,58,76,78
145,female,group C,some college,free/reduced,none,22,39,33
206,male,group E,bachelor's degree,standard,none,82,62,62
500,female,group D,master's degree,standard,none,74,79,82
188,male,group B,some high school,free/reduced,none,48,52,45
324,female,group C,high school,free/reduced,none,41,46,43
657,male,group D,some high school,standard,none,69,66,61
740,male,group D,bachelor's degree,standard,none,80,73,72
830,female,group A,some college,free/reduced,none,61,60,57
850,male,group C,master's degree,standard,none,71,67,67
991,female,group B,some high school,standard,completed,65,82,78
895,female,group E,some high school,free/reduced,none,32,34,38
575,male,group A,associate's degree,free/reduced,completed,40,55,53
79,female,group E,master's degree,standard,none,62,68,68
809,male,group B,bachelor's degree,standard,none,59,54,51
687,male,group D,associate's degree,free/reduced,none,77,78,73
939,male,group D,some high school,standard,completed,77,68,69
844,female,group D,some high school,free/reduced,completed,40,65,64
229,female,group C,some college,standard,completed,88,95,94
723,male,group C,high school,standard,none,50,48,42
912,female,group C,bachelor's degree,standard,completed,52,61,66
100,male,group B,some college,standard,none,79,67,67
290,male,group C,associate's degree,standard,none,76,70,68
444,male,group A,some high school,free/reduced,none,79,82,73
946,male,group B,high school,standard,none,82,82,80
53,male,group D,high school,standard,none,88,78,75
391,female,group D,some college,standard,none,77,68,77
962,female,group E,associate's degree,standard,none,100,100,100
998,female,group D,some college,standard,completed,68,78,77
666,female,group C,some college,free/reduced,completed,63,73,71
251,female,group D,some college,free/reduced,none,71,83,83
499,male,group E,some college,standard,none,76,71,72
475,female,group D,bachelor's degree,standard,completed,71,76,83
670,female,group C,high school,free/reduced,none,66,76,68
271,male,group C,some college,standard,none,58,49,42
44,female,group E,associate's degree,free/reduced,none,50,56,54
113,female,group D,some college,standard,none,51,58,54
24,male,group D,bachelor's degree,free/reduced,completed,74,71,80
211,male,group C,some college,free/reduced,none,35,28,27
620,female,group C,high school,free/reduced,none,35,61,54
169,female,group C,some college,free/reduced,completed,67,75,70
591,male,group A,some high school,standard,none,71,62,50
969,female,group B,bachelor's degree,standard,none,75,84,80
596,male,group B,high school,free/reduced,none,30,24,15
520,male,group D,some college,standard,none,71,49,52
32,female,group E,master's degree,free/reduced,none,56,72,65
611,female,group C,some college,standard,none,58,59,66
109,female,group B,some high school,standard,none,70,64,72
136,male,group B,some high school,standard,completed,51,54,41
330,male,group C,high school,standard,none,71,60,61
222,female,group C,some high school,free/reduced,none,55,65,62
28,male,group C,high school,standard,none,70,70,65
287,female,group B,some high school,standard,none,67,89,82
722,female,group B,some high school,free/reduced,completed,74,90,88
55,female,group C,high school,free/reduced,none,33,41,43
987,male,group E,some high school,standard,completed,81,75,76
881,female,group E,bachelor's degree,standard,completed,71,70,70
901,female,group C,master's degree,standard,none,73,78,74
48,female,group D,associate's degree,free/reduced,completed,57,74,76
904,female,group D,some high school,free/reduced,none,67,84,84
976,male,group B,some college,free/reduced,completed,60,62,60
642,female,group B,some high school,free/reduced,none,72,81,79
545,male,group E,some high school,free/reduced,completed,78,83,80
477,male,group D,associate's degree,standard,none,80,68,72
547,male,group C,high school,standard,completed,72,67,64
63,female,group C,associate's degree,standard,none,69,80,71
413,male,group B,some high school,standard,completed,63,67,67
384,female,group A,some high school,free/reduced,none,38,43,43
889,male,group D,high school,free/reduced,none,44,51,48
322,female,group C,some college,standard,none,71,81,80
451,female,group E,some college,standard,none,100,92,97
781,female,group B,master's degree,standard,none,77,90,84
234,male,group C,bachelor's degree,standard,completed,83,82,84
656,male,group C,associate's degree,free/reduced,none,77,67,64
557,male,group C,master's degree,free/reduced,none,61,67,66
462,female,group E,some college,standard,none,71,70,76
424,male,group B,some college,free/reduced,none,41,39,34
880,male,group C,bachelor's degree,standard,completed,63,64,66
303,male,group B,associate's degree,standard,none,80,76,64
884,female,group E,associate's degree,standard,none,51,51,54
689,male,group E,some college,free/reduced,none,93,90,83
219,male,group B,some high school,standard,completed,61,56,56
870,male,group B,high school,standard,none,59,58,47
296,male,group A,some high school,standard,completed,46,41,43
21,female,group B,some college,free/reduced,completed,65,75,70
760,female,group C,high school,free/reduced,none,53,72,64
420,female,group C,associate's degree,free/reduced,completed,82,93,93
325,female,group C,some college,standard,none,82,90,94
199,female,group B,bachelor's degree,free/reduced,none,78,79,76
450,female,group C,some college,free/reduced,completed,64,85,85
137,male,group E,high school,standard,none,70,55,56
536,male,group C,associate's degree,standard,completed,51,60,58
696,female,group C,associate's degree,standard,completed,75,82,90
717,female,group C,associate's degree,standard,completed,96,96,99
646,female,group D,associate's degree,standard,none,59,70,65
628,male,group D,some college,free/reduced,none,49,57,46
212,female,group C,high school,free/reduced,none,42,62,60
961,female,group D,some high school,free/reduced,none,48,54,53
934,male,group C,associate's degree,standard,completed,98,87,90
921,female,group C,high school,free/reduced,none,35,53,46
505,female,group B,some high school,standard,none,82,82,80
815,male,group B,some high school,standard,completed,94,86,87
231,male,group C,associate's degree,standard,none,46,43,42
405,female,group C,some high school,standard,none,63,73,68
729,male,group C,some college,standard,none,53,39,37
568,male,group B,high school,free/reduced,none,63,48,47
317,male,group C,associate's degree,standard,none,83,72,78
183,female,group D,associate's degree,standard,none,65,69,70
856,male,group B,some college,free/reduced,none,75,68,65
854,male,group C,some high school,standard,none,62,64,55
693,female,group D,associate's degree,standard,none,77,77,73
609,female,group B,associate's degree,standard,none,58,63,65
626,male,group B,associate's degree,free/reduced,completed,69,70,63
485,male,group C,high school,standard,none,70,74,71
278,female,group C,some high school,free/reduced,none,65,86,80
630,male,group D,some college,standard,none,67,64,70
20,male,group D,high school,standard,none,66,69,63
170,male,group A,high school,standard,completed,72,73,74
401,male,group A,some college,standard,none,53,43,43
924,male,group D,high school,free/reduced,none,74,70,69
566,female,group E,bachelor's degree,free/reduced,completed,92,100,100
176,female,group B,high school,free/reduced,completed,46,54,58
327,male,group A,some college,free/reduced,none,28,23,19
706,male,group D,high school,standard,none,46,34,36
198,female,group B,some college,free/reduced,none,45,53,55
470,female,group C,associate's degree,standard,completed,83,85,90
842,female,group B,high school,free/reduced,completed,23,44,36
694,female,group C,some high school,standard,none,49,63,56
266,female,group C,bachelor's degree,standard,none,63,75,81
615,female,group C,high school,standard,none,60,68,72
732,female,group C,some college,standard,completed,87,89,94
492,female,group C,some college,standard,none,83,83,90
130,male,group D,master's degree,standard,none,89,84,82
338,female,group B,some high school,free/reduced,none,24,38,27
851,female,group A,high school,standard,none,61,68,63
489,male,group A,associate's degree,free/reduced,completed,79,82,82
572,female,group C,some college,standard,none,53,62,56
606,female,group C,associate's degree,standard,none,85,84,82
193,male,group D,some college,standard,completed,77,62,62
140,female,group D,some high school,standard,none,76,72,71
416,male,group C,bachelor's degree,standard,completed,71,74,68
660,male,group C,some college,free/reduced,none,74,77,73
476,male,group E,bachelor's degree,standard,completed,76,62,66
714,female,group B,some high school,standard,completed,60,70,74
152,female,group B,associate's degree,standard,completed,59,70,66
849,male,group D,associate's degree,standard,none,80,75,69
898,male,group D,associate's degree,standard,completed,67,54,63
10,male,group C,associate's degree,standard,none,58,54,52
269,female,group E,some college,free/reduced,none,71,76,70
96,male,group B,some high school,standard,completed,65,66,62
210,male,group D,some high school,free/reduced,completed,80,79,79
984,female,group C,some high school,standard,none,74,75,82
752,male,group C,master's degree,free/reduced,completed,79,77,75
569,male,group D,bachelor's degree,free/reduced,none,68,68,67
813,male,group E,some high school,standard,completed,87,84,76
775,female,group B,some high school,free/reduced,none,49,58,55
548,female,group C,high school,free/reduced,none,62,67,64
943,male,group A,some high school,free/reduced,completed,61,62,61
532,male,group E,associate's degree,standard,completed,62,61,58
933,male,group C,bachelor's degree,free/reduced,completed,70,75,74
332,male,group E,associate's degree,standard,completed,62,56,53
75,male,group B,associate's degree,free/reduced,none,44,41,38
712,female,group D,some college,standard,none,98,100,99
77,male,group A,bachelor's degree,standard,completed,80,78,81
263,female,group E,high school,standard,none,99,93,90
993,female,group D,bachelor's degree,free/reduced,none,62,72,74
149,male,group E,associate's degree,free/reduced,completed,100,100,93
932,male,group D,associate's degree,free/reduced,completed,61,71,73
514,female,group B,master's degree,free/reduced,completed,77,97,94
940,male,group C,master's degree,free/reduced,completed,72,66,72
469,male,group C,some college,standard,none,91,74,76
564,male,group B,bachelor's degree,free/reduced,none,48,51,46
774,male,group B,some college,standard,none,66,65,60
461,male,group B,some college,free/reduced,none,54,54,45
253,male,group D,master's degree,standard,none,80,80,72
771,male,group D,bachelor's degree,standard,none,75,73,74
845,male,group E,master's degree,standard,none,90,85,84
369,female,group D,some high school,standard,none,73,84,85
321,female,group E,high school,standard,none,75,86,79
695,female,group D,some college,free/reduced,none,79,89,86
151,male,group A,bachelor's degree,standard,none,77,67,68
949,female,group E,high school,free/reduced,completed,57,75,73
302,female,group C,associate's degree,standard,completed,67,84,81
190,female,group E,associate's degree,standard,none,66,65,69
586,female,group A,high school,standard,none,55,73,73
348,male,group D,high school,free/reduced,none,75,74,66
243,male,group E,some college,standard,none,59,51,43
793,male,group E,some high school,standard,completed,89,84,77
87,female,group D,associate's degree,standard,none,71,71,74
751,male,group E,some college,standard,none,68,72,65
655,female,group B,some college,standard,none,62,67,67
909,male,group E,bachelor's degree,standard,completed,70,64,70
778,female,group A,some college,standard,completed,72,79,82
418,male,group D,some college,standard,none,68,59,62
288,male,group B,bachelor's degree,free/reduced,none,88,75,76
648,female,group B,high school,standard,none,50,53,55
166,male,group C,high school,free/reduced,completed,53,51,51
595,female,group C,bachelor's degree,standard,completed,56,79,72
937,female,group E,high school,free/reduced,none,57,58,57
155,female,group C,some college,standard,completed,70,89,88
356,male,group A,associate's degree,standard,none,63,61,61
381,male,group C,associate's degree,standard,completed,87,100,95
279,male,group B,bachelor's degree,free/reduced,none,73,56,57
126,male,group B,some high school,standard,none,72,68,67
707,male,group C,some college,standard,none,66,59,52
777,female,group C,some college,free/reduced,none,35,44,43
22,male,group D,some college,standard,none,44,54,53
616,female,group E,bachelor's degree,standard,none,37,45,38
665,female,group C,some high school,free/reduced,completed,50,60,60
282,female,group D,bachelor's degree,free/reduced,none,73,79,84
903,female,group D,bachelor's degree,free/reduced,completed,93,100,100
471,female,group C,high school,standard,none,63,69,74
738,male,group D,associate's degree,standard,none,81,71,73
367,male,group C,bachelor's degree,free/reduced,none,61,66,61
25,male,group A,master's degree,free/reduced,none,73,74,72
196,male,group C,some high school,free/reduced,completed,59,69,65
64,female,group D,some high school,standard,none,59,58,59
15,female,group C,some high school,standard,none,69,75,78
466,female,group D,associate's degree,free/reduced,none,26,31,38
297,male,group E,associate's degree,standard,completed,71,74,68
883,male,group D,bachelor's degree,free/reduced,none,55,46,44
621,male,group B,bachelor's degree,free/reduced,none,62,63,56
336,male,group D,some high school,standard,completed,76,70,69
820,female,group A,some high school,standard,completed,85,90,92
26,male,group B,some college,standard,none,69,54,55
588,female,group C,some college,standard,none,54,64,65
43,male,group B,some college,free/reduced,completed,59,65,66
497,female,group D,some college,free/reduced,completed,59,78,76
792,male,group D,high school,free/reduced,none,66,74,69
515,female,group C,some high school,standard,completed,76,87,85
955,male,group E,associate's degree,standard,none,72,57,62
561,female,group C,some college,standard,none,63,74,74
917,female,group C,high school,standard,none,44,61,52
454,female,group C,associate's degree,free/reduced,none,53,61,62
387,female,group C,associate's degree,free/reduced,none,57,78,67
71,male,group D,some college,standard,completed,63,55,63
542,female,group C,associate's degree,standard,none,81,77,79
456,female,group D,bachelor's degree,standard,none,79,89,89
633,female,group C,high school,standard,none,75,88,85
431,female,group C,high school,standard,none,61,72,70
627,male,group D,associate's degree,standard,none,61,48,46
653,female,group A,associate's degree,standard,completed,65,70,74
728,female,group D,high school,free/reduced,none,73,92,84
264,male,group D,high school,standard,none,76,73,68
209,female,group B,some college,free/reduced,none,58,61,66
316,female,group D,master's degree,standard,completed,77,82,91
896,male,group B,high school,free/reduced,none,36,29,27
513,female,group B,some high school,standard,completed,54,61,62
313,female,group C,associate's degree,free/reduced,completed,68,67,69
534,male,group B,high school,standard,completed,73,69,68
829,male,group B,some high school,standard,none,68,54,53
319,female,group D,associate's degree,free/reduced,none,56,65,63
7,male,group B,some college,free/reduced,none,40,43,39
393,male,group C,associate's degree,standard,completed,57,54,56
141,female,group C,some college,free/reduced,none,59,62,64
86,female,group C,some college,free/reduced,none,76,83,88
864,male,group C,associate's degree,standard,none,97,93,91
478,female,group D,master's degree,standard,none,55,64,70
503,female,group E,associate's degree,standard,completed,95,89,92
753,female,group C,some high school,standard,completed,77,90,85
215,male,group B,some high school,standard,completed,84,83,75
580,female,group D,some high school,standard,none,81,97,96
562,male,group C,bachelor's degree,standard,completed,96,90,92
398,male,group B,some high school,standard,none,74,63,57
925,male,group E,some high school,standard,completed,74,64,60
668,male,group C,some college,standard,none,73,74,61
490,female,group A,associate's degree,free/reduced,none,65,85,76
252,female,group B,some high school,standard,completed,60,70,70
907,female,group D,some college,standard,completed,79,84,91
468,female,group A,high school,free/reduced,completed,77,88,85
914,female,group B,associate's degree,free/reduced,none,46,61,55
357,female,group C,some college,free/reduced,completed,42,66,69
254,male,group D,high school,standard,none,54,52,52
276,female,group C,some high school,standard,completed,85,92,93
178,female,group B,master's degree,free/reduced,completed,52,70,62
281,male,group D,high school,standard,none,45,48,46
390,male,group E,some high school,free/reduced,completed,73,67,59
508,male,group C,master's degree,standard,none,79,78,77
749,male,group B,some college,standard,completed,87,84,86
583,female,group D,associate's degree,standard,completed,73,75,80
972,female,group A,high school,free/reduced,completed,53,50,60
129,female,group A,bachelor's degree,standard,none,51,49,51
144,male,group D,some college,standard,none,88,73,78
960,female,group A,some college,standard,none,56,58,64
847,male,group D,high school,standard,none,64,54,50
645,female,group B,bachelor's degree,standard,completed,65,81,81
715,female,group B,associate's degree,free/reduced,completed,76,94,87
905,male,group D,some college,standard,none,88,77,77
767,male,group B,high school,standard,completed,76,62,60
72,female,group A,associate's degree,free/reduced,none,41,51,48
908,female,group C,bachelor's degree,free/reduced,none,67,75,72
235,male,group D,associate's degree,standard,none,80,75,77
37,female,group D,some high school,free/reduced,none,50,64,59
